Workbook

Sheet 📊 Báo Cáo Đánh Giá
A1: DASHBOARD ĐÁNH GIÁ CHẤT LƯỢNG CHATBOT AI
A2: Hệ thống tự động tổng hợp kết quả kiểm thử từ bảng test chi tiết.
A4: TỔNG SỐ KỊCH BẢN TEST | D4: ĐIỂM ĐÁNH GIÁ TRUNG BÌNH | G4: TỶ LỆ HOÀN THÀNH (%) | J4: KẾT LUẬN TRIỂN KHAI
A5: =COUNTA('📝 Bộ Test & Chấm Điểm'!A5:A18) -> 14 | D5: ='📝 Bộ Test & Chấm Điểm'!G19 -> 5 | G5: ='📝 Bộ Test & Chấm Điểm'!H19 -> 50 | J5: =IF(D5>=8.5,"SẴN SÀNG GO-LIVE",IF(D5>=7.0,"CẦN TINH CHỈNH THÊM","CHƯA ĐẠT CHUẨN")) -> CHƯA ĐẠT CHUẨN
A9: KẾT QUẢ ĐÁNH GIÁ THEO TỪNG NHÓM NGHIỆP VỤ
A10: STT | B10: Nhóm Nghiệp Vụ | C10: Số Kịch Bản | D10: Trọng Số | E10: Điểm TB (Thang 10) | F10: Tỷ Lệ Đạt (%)
A11: 1 | B11: 1. Nhận diện & CRM | C11: =COUNTIF('📝 Bộ Test & Chấm Điểm'!$B$5:$B$18, "1. Nhận diện & CRM") -> 3 | D11: 0.25 | E11: =AVERAGEIF('📝 Bộ Test & Chấm Điểm'!$B$5:$B$18, "1. Nhận diện & CRM", '📝 Bộ Test & Chấm Điểm'!$G$5:$G$18) -> 4.3333333 | F11: =E11*10 -> 43.333333
A12: 2 | B12: 2. Định vị Đại lý | C12: =COUNTIF('📝 Bộ Test & Chấm Điểm'!$B$5:$B$18, "2. Định vị Đại lý") -> 3 | D12: 0.25 | E12: =AVERAGEIF('📝 Bộ Test & Chấm Điểm'!$B$5:$B$18, "2. Định vị Đại lý", '📝 Bộ Test & Chấm Điểm'!$G$5:$G$18) -> 4.6666667 | F12: =E12*10 -> 46.666667
A13: 3 | B13: 3. Tồn kho & Đơn hàng | C13: =COUNTIF('📝 Bộ Test & Chấm Điểm'!$B$5:$B$18, "3. Tồn kho & Đơn hàng") -> 3 | D13: 0.2 | E13: =AVERAGEIF('📝 Bộ Test & Chấm Điểm'!$B$5:$B$18, "3. Tồn kho & Đơn hàng", '📝 Bộ Test & Chấm Điểm'!$G$5:$G$18) -> 3.3333333 | F13: =E13*10 -> 33.333333
A14: 4 | B14: 4. Bảo mật & Phân quyền | C14: =COUNTIF('📝 Bộ Test & Chấm Điểm'!$B$5:$B$18, "4. Bảo mật & Phân quyền") -> 2 | D14: 0.15 | E14: =AVERAGEIF('📝 Bộ Test & Chấm Điểm'!$B$5:$B$18, "4. Bảo mật & Phân quyền", '📝 Bộ Test & Chấm Điểm'!$G$5:$G$18) -> 10 | F14: =E14*10 -> 100
A15: 5 | B15: 5. Tư vấn & Chuyển giao | C15: =COUNTIF('📝 Bộ Test & Chấm Điểm'!$B$5:$B$18, "5. Tư vấn & Chuyển giao") -> 3 | D15: 0.15 | E15: =AVERAGEIF('📝 Bộ Test & Chấm Điểm'!$B$5:$B$18, "5. Tư vấn & Chuyển giao", '📝 Bộ Test & Chấm Điểm'!$G$5:$G$18) -> 4.3333333 | F15: =E15*10 -> 43.333333
A16: TỔNG HỢP TOÀN DIỆN | C16: =SUM(C11:C15) -> 14 | D16: =SUM(D11:D15) -> 1 | E16: =SUMPRODUCT(D11:D15, E11:E15) -> 5.0666667 | F16: =E16*10 -> 50.666667

Sheet 📝 Bộ Test & Chấm Điểm
A1: BẢNG TEST VÀ ĐÁNH GIÁ THỰC TẾ CHATBOT FACEBOOK
A2: Nhập nội dung Bot trả lời thực tế vào cột 'Câu trả lời thực tế của Bot' và chọn Điểm số (0 - 10).
A4: Mã Test | B4: Nhóm Tính Năng | C4: Trọng Số | D4: Kịch Bản / Câu Hỏi Test (User) | E4: Kỳ Vọng Hệ Thống (Expected Output) | F4: Câu Trả Lời Thực Tế Của Bot (Paste Here) | G4: Điểm (0-10) | H4: Điểm Quy Đổi (%) | I4: Trạng Thái | J4: Ghi Chú Lỗi / Cần Tinh Chỉnh
A5: TC-01 | B5: 1. Nhận diện & CRM | C5: 0.25 | D5: Chào em, mình muốn tìm hiểu giá phân NPK 20-20-15 để chuẩn bị bón cho vụ tới. | E5: Nhận diện là Khách Mới: Chào lịch sự, giới thiệu bao bì/tính năng, khéo léo xin SĐT + khu vực canh tác để tạo Lead trên CRM. | F5: Dạ, địa chỉ Công ty ở: Trục chính KCN Trà Nóc 1, phường Thới An Đông, thành phố Cần Thơ ạ. Dạ Cò Bay đã ghi nhận nhu cầu mua phân bón của bạn. Bạn gửi thêm số điện thoại, khu vực và loại cây trồng cần bón để bên mình kiểm tra đúng sản phẩm và hỗ trợ đặt hàng nha. | G5: 7 | H5: =G5*10 -> 70 | I5: =IF(G5>=8,"ĐẠT (PASS)",IF(G5>=5,"CẦN SỬA","KHÔNG ĐẠT")) -> CẦN SỬA | J5: =VLOOKUP(A5,'Kịch bản'!B:I,8,0) -> Bỏ đoạn dán địa chỉ công ty mặc định ở đầu tin nhắn; nên tập trung báo giá niêm yết tham khảo trước khi xin thông tin.
A6: TC-02 | B6: 1. Nhận diện & CRM | C6: 0.25 | D6: Anh Ba bên đại lý Vĩnh Thạnh đây, kiểm tra giúp anh tiến độ đơn hàng hôm qua đặt. | E6: Nhận diện Khách Cũ/Đại Lý (qua SĐT/Facebook ID): Chào đích danh 'Chào anh Ba', query CRM ra đúng mã đơn và trạng thái duyệt/đóng gói. | F6: Dạ, địa chỉ Công ty ở: Trục chính KCN Trà Nóc 1, phường Thới An Đông, thành phố Cần Thơ ạ. Dạ bạn cần admin hỗ trợ gì về sản phẩm hay dịch vụ ạ? | G6: 2 | H6: =G6*10 -> 20 | I6: =IF(G6>=8,"ĐẠT (PASS)",IF(G6>=5,"CẦN SỬA","KHÔNG ĐẠT")) -> KHÔNG ĐẠT | J6: =VLOOKUP(A6,'Kịch bản'!B:I,8,0) -> Chưa tích hợp query CRM; không nhận diện được đại lý/khách cũ; trả lời lạc đề (đưa địa chỉ công ty thay vì kiểm tra đơn có hay không).
A7: TC-03 | B7: 1. Nhận diện & CRM | C7: 0.25 | D7: Số điện thoại của mình là 0918xxxxxx, kiểm tra xem mình có tích điểm hay chiết khấu gì chưa? | E7: Tra cứu CRM theo SĐT: Trả về đúng thông tin phân hạng thành viên, điểm tích lũy hoặc chính sách áp dụng. | F7: Dạ Cò Bay đã nhận được số điện thoại 0979176415 tại khu vực Khu vực xã Định Môn Thới Lai có đại lý nào giao tận nhà không shop? của bạn. Kỹ sư nông nghiệp Cò Bay sẽ liên hệ tư vấn quy trình bón phân và giao hàng tận nơi cho mình sớm nhất nhé ạ! | G7: 4 | H7: =G7*10 -> 40 | I7: =IF(G7>=8,"ĐẠT (PASS)",IF(G7>=5,"CẦN SỬA","KHÔNG ĐẠT")) -> KHÔNG ĐẠT | J7: =VLOOKUP(A7,'Kịch bản'!B:I,8,0) -> Lỗi logic gán biến (Slot-filling error); không gọi API CRM kiểm tra điểm/chiết khấu theo SĐT.
A8: TC-04 | B8: 2. Định vị Đại lý | C8: 0.25 | D8: Tôi ở gần chợ Ô Môn, muốn mua 10 bao phân NPK thì ghé đại lý nào gần nhất? | E8: Xác định vị trí 'Chợ Ô Môn' -> Trả về Đại lý cấp 1/Cửa hàng VTNN ủy quyền gần nhất kèm Tên CH, Địa chỉ chính xác, SĐT liên hệ. | F8: Dạ bạn gửi giúp mình số điện thoại và khu vực/tỉnh thành cụ thể. Admin sẽ chuyển thông tin để nhà phân phối hoặc nhân viên phụ trách khu vực liên hệ hướng dẫn điểm mua gần bạn nhất ạ. | G8: 5 | H8: =G8*10 -> 50 | I8: =IF(G8>=8,"ĐẠT (PASS)",IF(G8>=5,"CẦN SỬA","KHÔNG ĐẠT")) -> CẦN SỬA | J8: =VLOOKUP(A8,'Kịch bản'!B:I,8,0) -> Chưa kết nối API tra cứu đại lý theo vị trí text/địa danh; quy trình phụ thuộc hoàn toàn vào sale liên hệ lại.
A9: TC-05 | B9: 2. Định vị Đại lý | C9: 0.25 | D9: [Gửi Tọa độ GPS / Live Location] Gửi cho mình chỗ bán gần vị trí này nhất. | E9: Tính khoảng cách bán kính (R < 10km) -> Trả về danh sách 1-2 đại lý có tọa độ gần nhất kèm link Google Maps chỉ đường. | F9: Dạ hiện bên mình hỗ trợ giao nhận thông qua 2 hình thức: nhận trực tiếp tại Công ty hoặc nhận tại nhà phân phối gần bạn nhất. Bạn gửi khu vực/tỉnh thành để bên mình kiểm tra hình thức nhận hàng phù hợp nha. | G9: 4 | H9: =G9*10 -> 40 | I9: =IF(G9>=8,"ĐẠT (PASS)",IF(G9>=5,"CẦN SỬA","KHÔNG ĐẠT")) -> KHÔNG ĐẠT | J9: =VLOOKUP(A9,'Kịch bản'!B:I,8,0) -> Chưa hỗ trợ webhook/xử lý tin nhắn dạng Location từ Facebook Messenger
A10: TC-06 | B10: 2. Định vị Đại lý | C10: 0.25 | D10: Khu vực xã Định Môn, Thới Lai có đại lý nào giao tận nhà không shop? | E10: Tra cứu danh sách đại lý thuộc cụm Thới Lai có dịch vụ vận chuyển tận nơi -> Cung cấp thông tin liên hệ. | F10: Dạ bạn gửi giúp mình số điện thoại và khu vực/tỉnh thành cụ thể. Admin sẽ chuyển thông tin để nhà phân phối hoặc nhân viên phụ trách khu vực liên hệ hướng dẫn điểm mua gần bạn nhất ạ. | G10: 5 | H10: =G10*10 -> 50 | I10: =IF(G10>=8,"ĐẠT (PASS)",IF(G10>=5,"CẦN SỬA","KHÔNG ĐẠT")) -> CẦN SỬA | J10: =VLOOKUP(A10,'Kịch bản'!B:I,8,0) -> Chưa có tính năng lọc đại lý theo tiêu chí "giao hàng tận nơi" và phân vùng xã/huyện.
A11: TC-07 | B11: 3. Tồn kho & Đơn hàng | C11: 0.2 | D11: Sản phẩm NPK 16-16-8 TE bao 50kg trong kho còn nhiều không em? Lấy 5 tấn có liền không? | E11: Query tồn kho khả dụng (ATP): Xác nhận kho còn đủ số lượng (>5 tấn), báo khả năng đáp ứng và đề xuất giữ đơn. | F11: Dạ có, chúng tôi hiện tại giao hàng thông qua 02 hình thức chính là nhận trực tiếp tại Công ty hoặc nhận tại nhà phân phối gần bạn nhất nhé ạ. Dạ bảng giá phân bón Cò Bay phụ thuộc vào từng dòng sản phẩm, quy cách đóng bao và khu vực phân phối. Bạn gửi giúp mình số điện thoại, khu vực và loại cây trồng cần bón, kỹ sư hoặc nhân viên Cò Bay sẽ kiểm tra và liên hệ báo giá chính xác nhất nha. | G11: 3 | H11: =G11*10 -> 30 | I11: =IF(G11>=8,"ĐẠT (PASS)",IF(G11>=5,"CẦN SỬA","KHÔNG ĐẠT")) -> KHÔNG ĐẠT | J11: =VLOOKUP(A11,'Kịch bản'!B:I,8,0) -> Chưa kết nối cơ sở dữ liệu tồn kho thời gian thực; không nhận biết số lượng mua lớn để kích hoạt quy trình giữ hàng.
A12: TC-08 | B12: 3. Tồn kho & Đơn hàng | C12: 0.2 | D12: Bên mình còn hàng công thức NPK chuyên lúa đợt 2 không? | E12: Trường hợp kho hết hàng: Báo rõ tình trạng tạm hết, đưa gợi ý mã công thức thay thế tương đương dinh dưỡng hoặc hẹn ngày có hàng. | F12: Dạ phần liều lượng, cách bón hoặc phối trộn cần kỹ sư nông nghiệp kiểm tra theo cây trồng, giai đoạn và khu vực canh tác. Bạn gửi giúp mình loại cây trồng, diện tích/khu vực và số điện thoại để kỹ sư Cò Bay tư vấn an toàn, đúng nhu cầu ạ. | G12: 3 | H12: =G12*10 -> 30 | I12: =IF(G12>=8,"ĐẠT (PASS)",IF(G12>=5,"CẦN SỬA","KHÔNG ĐẠT")) -> KHÔNG ĐẠT | J12: =VLOOKUP(A12,'Kịch bản'!B:I,8,0) -> Phân loại sai ý định người dùng (Intent Classification sai: từ hỏi tồn kho bị nhận nhầm thành hỏi kỹ thuật bón).
A13: TC-09 | B13: 3. Tồn kho & Đơn hàng | C13: 0.2 | D13: Cho anh tra cứu đơn hàng số #DH-2026-889 xe đã bốc hàng xong chưa? | E13: Query trạng thái logistics/ERP: Trả lời chính xác trạng thái xe (Đang bốc hàng / Đã xuất kho / Đang trên đường giao). | F13: Dạ mình đã ghi nhận tin nhắn của bạn. Nếu bạn đã gửi số điện thoại và khu vực, admin đang chuyển thông tin để kỹ sư hoặc nhân viên Cò Bay liên hệ lại sớm nhất ạ. | G13: 4 | H13: =G13*10 -> 40 | I13: =IF(G13>=8,"ĐẠT (PASS)",IF(G13>=5,"CẦN SỬA","KHÔNG ĐẠT")) -> KHÔNG ĐẠT | J13: =VLOOKUP(A13,'Kịch bản'!B:I,8,0) -> Chưa tích hợp API tra cứu vận đơn/logistics tự động theo mã đơn hàng.
A14: TC-10 | B14: 4. Bảo mật & Phân quyền | C14: 0.15 | D14: Cho anh xin bảng giá sỉ và mức chiết khấu quý này cho đại lý cấp 1 với. | E14: Phân quyền: Không công khai chiết khấu sỉ cho user vãng lai. Yêu cầu xác thực tài khoản đại lý hoặc chuyển NVKD liên hệ riêng. | F14: Dạ các chương trình ưu đãi và chiết khấu phân bón CFC Cò Bay được áp dụng theo từng vụ mùa và số lượng đặt hàng. Bạn vui lòng để lại Số Điện Thoại và Cây Trồng cần bón để kỹ sư Cò Bay liên hệ gửi chính sách ưu đãi tốt nhất cho mình nhé ạ! | G14: 10 | H14: =G14*10 -> 100 | I14: =IF(G14>=8,"ĐẠT (PASS)",IF(G14>=5,"CẦN SỬA","KHÔNG ĐẠT")) -> ĐẠT (PASS)
A15: TC-11 | B15: 4. Bảo mật & Phân quyền | C15: 0.15 | D15: Đại lý Minh Phát ở Cờ Đỏ còn nợ tiền đợt trước nhiều không em? | E15: Bảo mật thông tin: Từ chối cung cấp dữ liệu tài chính/công nợ của bên thứ ba. | F15: Bạn vui lòng để lại số điện thoại và khu vực muốn kinh doanh, admin sẽ gửi đến nhà phân phối hoặc nhân viên khu vực liên hệ bạn sớm nhất ạ. Dạ bạn cần admin hỗ trợ gì về sản phẩm hay dịch vụ ạ? | G15: 10 | H15: =G15*10 -> 100 | I15: =IF(G15>=8,"ĐẠT (PASS)",IF(G15>=5,"CẦN SỬA","KHÔNG ĐẠT")) -> ĐẠT (PASS)
A16: TC-12 | B16: 5. Tư vấn & Chuyển giao | C16: 0.15 | D16: Sầu riêng giai đoạn nuôi trái non bị rụng hạt chuỗi thì nên bón công thức NPK nào và liều lượng sao? | E16: Tư vấn kỹ thuật nông học chuẩn: Khuyến cáo công thức cân đối (đạm/kali/canxi-bo), cảnh báo dư đạm, hướng dẫn liều lượng. | F16: Dạ có, chúng tôi hiện tại giao hàng thông qua 02 hình thức chính là nhận trực tiếp tại Công ty hoặc nhận tại nhà phân phối gần bạn nhất nhé ạ. Dạ mình sẵn sàng hỗ trợ ạ. Bạn cho biết loại cây trồng, giai đoạn cây hiện tại và khu vực/tỉnh thành để kỹ sư Cò Bay tư vấn dòng phân bón phù hợp hơn nha. | G16: 4 | H16: =G16*10 -> 40 | I16: =IF(G16>=8,"ĐẠT (PASS)",IF(G16>=5,"CẦN SỬA","KHÔNG ĐẠT")) -> KHÔNG ĐẠT | J16: =VLOOKUP(A16,'Kịch bản'!B:I,8,0) -> Bot không trích xuất được thực thể (Entity: sầu riêng, rụng hạt chuỗi); phản hồi rập khuôn và bị lặp form hỏi thông tin.
A17: TC-13 | B17: 5. Tư vấn & Chuyển giao | C17: 0.15 | D17: Tôi muốn đặt 30 tấn phân bón cho hợp tác xã, cần gặp giám đốc kinh doanh thương lượng hợp đồng gấp. | E17: Phát hiện nhu cầu B2B lớn: Ghi nhận thông tin, gửi contact hotline kinh doanh và kích hoạt Webhook/Tag nhân viên trực tiếp vào chat. | F17: Dạ mình sẵn sàng hỗ trợ ạ. Bạn cho biết loại cây trồng, giai đoạn cây hiện tại và khu vực/tỉnh thành để kỹ sư Cò Bay tư vấn dòng phân bón phù hợp hơn nha. Bạn vui lòng để lại số điện thoại và khu vực muốn kinh doanh, admin sẽ gửi đến nhà phân phối hoặc nhân viên khu vực liên hệ bạn sớm nhất ạ. | G17: 6 | H17: =G17*10 -> 60 | I17: =IF(G17>=8,"ĐẠT (PASS)",IF(G17>=5,"CẦN SỬA","KHÔNG ĐẠT")) -> CẦN SỬA | J17: =VLOOKUP(A17,'Kịch bản'!B:I,8,0) -> Cần ưu tiên ngay luồng "Khách hàng B2B/Đơn hàng lớn": Đưa thẳng hotline kinh doanh và xin SĐT trực tiếp, bỏ qua bước tư vấn kỹ thuật cây trồng.
A18: TC-14 | B18: 5. Tư vấn & Chuyển giao | C18: 0.15 | D18: Phân bón mua về bị vón cục quá nhiều, tôi muốn khiếu nại đổi trả ngay! | E18: Xử lý khiếu nại (CSKH): Lời lẽ xoa dịu, xin hình ảnh chụp mã lô/bao bì, chuyển ticket khẩn cấp cho bộ phận Kỹ thuật/CSKH xử lý trong 24h. | F18: Dạ mình sẵn sàng hỗ trợ ạ. Bạn cho biết loại cây trồng, giai đoạn cây hiện tại và khu vực/tỉnh thành để kỹ sư Cò Bay tư vấn dòng phân bón phù hợp hơn nha. Dạ bạn cần admin hỗ trợ gì về sản phẩm hay dịch vụ ạ? | G18: 3 | H18: =G18*10 -> 30 | I18: =IF(G18>=8,"ĐẠT (PASS)",IF(G18>=5,"CẦN SỬA","KHÔNG ĐẠT")) -> KHÔNG ĐẠT | J18: =VLOOKUP(A18,'Kịch bản'!B:I,8,0) -> Thiếu hẳn bộ kịch bản xử lý sự cố / khiếu nại (Complaint Handling); trả lời máy móc gây ức chế cho khách hàng.
A19: ĐIỂM TRUNG BÌNH TỔNG THỂ | G19: =AVERAGE(G5:G18) -> 5 | H19: =AVERAGE(H5:H18) -> 50 | I19: =IF(G19>=8,"XUẤT SẮC",IF(G19>=6.5,"ĐẠT YÊU CẦU","CHƯA ĐẠT")) -> CHƯA ĐẠT

Sheet Kịch bản
A1: BẢNG MẪU KỊCH BẢN THEO 3 PHIÊN
A3: Phiên | B3: Mã | C3: Câu bạn gửi cho Bot | D3: Phản hồi thực tế của Bot (Bạn dán vào đây) | E3: Kỳ vọng | F3: Nhận xét | G3: Điểm chấm | H3: Trạng thái | I3: Ghi chú lỗi
A4: Phiên 1: (Khách mới) | B4: TC-01 | C4: Chào em, mình muốn tìm hiểu giá phân NPK 20-20-15 để chuẩn bị bón cho vụ tới. | D4: Dạ, địa chỉ Công ty ở: Trục chính KCN Trà Nóc 1, phường Thới An Đông, thành phố Cần Thơ ạ. Dạ Cò Bay đã ghi nhận nhu cầu mua phân bón của bạn. Bạn gửi thêm số điện thoại, khu vực và loại cây trồng cần bón để bên mình kiểm tra đúng sản phẩm và hỗ trợ đặt hàng nha. | E4: Nhận diện khách mới: Chào lịch sự, giới thiệu bao bì/tính năng, khéo léo xin SĐT + khu vực canh tác để tạo Lead trên CRM. | F4: Nhận diện đúng khách mới, biết xin SĐT/khu vực/loại cây để tạo Lead. Điểm trừ là phản hồi kèm câu địa chỉ công ty chưa tự nhiên. | G4: 7 | H4: CẦN SỬA | I4: Bỏ đoạn dán địa chỉ công ty mặc định ở đầu tin nhắn; nên tập trung báo giá niêm yết tham khảo trước khi xin thông tin.
A5: Phiên 1 | B5: TC-12 | C5: Sầu riêng giai đoạn nuôi trái non bị rụng hạt chuỗi thì nên bón công thức NPK nào và liều lượng sao? | D5: Dạ có, chúng tôi hiện tại giao hàng thông qua 02 hình thức chính là nhận trực tiếp tại Công ty hoặc nhận tại nhà phân phối gần bạn nhất nhé ạ. Dạ mình sẵn sàng hỗ trợ ạ. Bạn cho biết loại cây trồng, giai đoạn cây hiện tại và khu vực/tỉnh thành để kỹ sư Cò Bay tư vấn dòng phân bón phù hợp hơn nha. | E5: Tư vấn kỹ thuật nông học chuẩn: Khuyến cáo công thức cân đối (đạm/kali/canxi-bo), cảnh báo dư đạm, hướng dẫn liều lượng. | F5: Khách đã nêu rõ "sầu riêng rụng hạt chuỗi", bot hoàn toàn không tư vấn giải pháp kỹ thuật mà trả lời về hình thức nhận hàng và hỏi ngược lại cây gì, giai đoạn nào. | G5: 4 | H5: KHÔNG ĐẠT | I5: Bot không trích xuất được thực thể (Entity: sầu riêng, rụng hạt chuỗi); phản hồi rập khuôn và bị lặp form hỏi thông tin.
A6: Phiên 1 | B6: TC-04 | C6: Tôi ở gần chợ Ô Môn, muốn mua 10 bao phân NPK thì ghé đại lý nào gần nhất? | D6: Dạ bạn gửi giúp mình số điện thoại và khu vực/tỉnh thành cụ thể. Admin sẽ chuyển thông tin để nhà phân phối hoặc nhân viên phụ trách khu vực liên hệ hướng dẫn điểm mua gần bạn nhất ạ. | E6: Xác định vị trí 'Chợ Ô Môn' =>Trả về Đại lý cấp 1/Cửa hàng VTNN ủy quyền gần nhất kèm Tên CH, Địa chỉ chính xác, SĐT liên hệ. | F6: Không tra cứu được cơ sở dữ liệu đại lý để trả về tên, địa chỉ, SĐT cửa hàng gần Chợ Ô Môn; chỉ dừng ở mức thu thập SĐT để chuyển người thật xử lý thủ công. | G6: 5 | H6: CẦN SỬA | I6: Chưa kết nối API tra cứu đại lý theo vị trí text/địa danh; quy trình phụ thuộc hoàn toàn vào sale liên hệ lại.
A7: Phiên 1 | B7: TC-05 | C7: [Gửi vị trí / Live Location] Gửi cho mình chỗ bán gần Ô Môn nhất. | D7: Dạ hiện bên mình hỗ trợ giao nhận thông qua 2 hình thức: nhận trực tiếp tại Công ty hoặc nhận tại nhà phân phối gần bạn nhất. Bạn gửi khu vực/tỉnh thành để bên mình kiểm tra hình thức nhận hàng phù hợp nha. | E7: Tính khoảng cách bán kính (R < 10km) => Trả về danh sách 1-2 đại lý có tọa độ gần nhất kèm link Google Maps chỉ đường. | F7: Không đọc được dữ liệu tọa độ GPS/Live Location; phản hồi rập khuôn về hình thức giao nhận và bắt khách phải tự gõ lại khu vực/tỉnh thành. | G7: 4 | H7: KHÔNG ĐẠT | I7: Chưa hỗ trợ webhook/xử lý tin nhắn dạng Location từ Facebook Messenger
A8: Phiên 1 | B8: TC-06 | C8: Khu vực xã Định Môn, Thới Lai có đại lý nào giao tận nhà không shop? | D8: Dạ bạn gửi giúp mình số điện thoại và khu vực/tỉnh thành cụ thể. Admin sẽ chuyển thông tin để nhà phân phối hoặc nhân viên phụ trách khu vực liên hệ hướng dẫn điểm mua gần bạn nhất ạ. | E8: Tra cứu danh sách đại lý thuộc cụm Thới Lai có dịch vụ vận chuyển tận nơi => Cung cấp thông tin liên hệ. | F8: Không truy xuất được danh sách đại lý có hỗ trợ giao hàng tại cụm Thới Lai/Định Môn; tiếp tục đưa câu trả lời mẫu xin SĐT. | G8: 5 | H8: CẦN SỬA | I8: Chưa có tính năng lọc đại lý theo tiêu chí "giao hàng tận nơi" và phân vùng xã/huyện.
A9: Phiên 2: (Khách cũ / Đại lý) | B9: TC-02 | C9: Anh Ba bên đại lý Vĩnh Thạnh đây, kiểm tra giúp anh tiến độ đơn hàng hôm qua đặt. | D9: Dạ, địa chỉ Công ty ở: Trục chính KCN Trà Nóc 1, phường Thới An Đông, thành phố Cần Thơ ạ. Dạ bạn cần admin hỗ trợ gì về sản phẩm hay dịch vụ ạ? | E9: Nhận diện khách cũ/đại lý (qua SĐT/Facebook ID): Chào đích danh 'Chào anh Ba', query CRM ra đúng mã đơn và trạng thái duyệt/đóng gói. | F9: Bot xử lý sai hoàn toàn ngữ cảnh, không kết nối/tra cứu được dữ liệu CRM, không nhận diện được khách quen ("Anh Ba") hay không quen mà phản hồi như tin nhắn trả lời tự động mặc định. | G9: 2 | H9: KHÔNG ĐẠT | I9: Chưa tích hợp query CRM; không nhận diện được đại lý/khách cũ; trả lời lạc đề (đưa địa chỉ công ty thay vì kiểm tra đơn có hay không).
A10: Phiên 2 | B10: TC-03 | C10: Số điện thoại của mình là 0979176415, kiểm tra xem mình có tích điểm hay chiết khấu gì chưa? | D10: Dạ Cò Bay đã nhận được số điện thoại 0979176415 tại khu vực Khu vực xã Định Môn Thới Lai có đại lý nào giao tận nhà không shop? của bạn. Kỹ sư nông nghiệp Cò Bay sẽ liên hệ tư vấn quy trình bón phân và giao hàng tận nơi cho mình sớm nhất nhé ạ! | E10: Tra cứu CRM theo SĐT: Trả về đúng thông tin phân hạng thành viên, điểm tích lũy hoặc chính sách áp dụng | F10: Trích xuất đúng số điện thoại nhưng bị lỗi gán nhầm biến (nhét nguyên câu chat trước vào trường khu vực); không truy xuất được điểm tích lũy trên CRM | G10: 4 | H10: KHÔNG ĐẠT | I10: Lỗi logic gán biến (Slot-filling error); không gọi API CRM kiểm tra điểm/chiết khấu theo SĐT.
A11: Phiên 2 | B11: TC-07 | C11: Sản phẩm NPK 16-16-8 TE bao 50kg trong kho còn nhiều không em? Lấy 5 tấn có liền không? | D11: Dạ có, chúng tôi hiện tại giao hàng thông qua 02 hình thức chính là nhận trực tiếp tại Công ty hoặc nhận tại nhà phân phối gần bạn nhất nhé ạ. Dạ bảng giá phân bón Cò Bay phụ thuộc vào từng dòng sản phẩm, quy cách đóng bao và khu vực phân phối. Bạn gửi giúp mình số điện thoại, khu vực và loại cây trồng cần bón, kỹ sư hoặc nhân viên Cò Bay sẽ kiểm tra và liên hệ báo giá chính xác nhất nha. | E11: Query tồn kho khả dụng (ATP): Xác nhận kho còn đủ số lượng (>5 tấn), báo khả năng đáp ứng và đề xuất giữ đơn. | F11: Không kiểm tra được tồn kho khả dụng (ATP) cho số lượng 5 tấn; trả lời lạc đề sang chính sách bảng giá và yêu cầu xin lại SĐT. | G11: 3 | H11: KHÔNG ĐẠT | I11: Chưa kết nối cơ sở dữ liệu tồn kho thời gian thực; không nhận biết số lượng mua lớn để kích hoạt quy trình giữ hàng.
A12: Phiên 2 | B12: TC-08 | C12: Bên mình còn hàng công thức NPK chuyên lúa đợt 2 không? | D12: Dạ phần liều lượng, cách bón hoặc phối trộn cần kỹ sư nông nghiệp kiểm tra theo cây trồng, giai đoạn và khu vực canh tác. Bạn gửi giúp mình loại cây trồng, diện tích/khu vực và số điện thoại để kỹ sư Cò Bay tư vấn an toàn, đúng nhu cầu ạ. | E12: Trường hợp kho hết hàng: Báo rõ tình trạng tạm hết, đưa gợi ý mã công thức thay thế tương đương dinh dưỡng hoặc hẹn ngày có hàng. | F12: Khách hỏi tình trạng còn hàng, bot lại hiểu nhầm sang tư vấn liều lượng bón; hoàn toàn không báo được tình trạng kho hay gợi ý sản phẩm thay thế. | G12: 3 | H12: KHÔNG ĐẠT | I12: Phân loại sai ý định người dùng (Intent Classification sai: từ hỏi tồn kho bị nhận nhầm thành hỏi kỹ thuật bón).
A13: Phiên 2 | B13: TC-09 | C13: Cho anh tra cứu đơn hàng số #DH-2026-889 xe đã bốc hàng xong chưa? | D13: Dạ mình đã ghi nhận tin nhắn của bạn. Nếu bạn đã gửi số điện thoại và khu vực, admin đang chuyển thông tin để kỹ sư hoặc nhân viên Cò Bay liên hệ lại sớm nhất ạ. | E13: Query trạng thái logistics/ERP: Trả lời chính xác trạng thái xe (Đang bốc hàng / Đã xuất kho / Đang trên đường giao). | F13: Không tra cứu được mã vận đơn #DH-2026-889 trên hệ thống; chỉ ghi nhận tin nhắn một cách thụ động. | G13: 4 | H13: KHÔNG ĐẠT | I13: Chưa tích hợp API tra cứu vận đơn/logistics tự động theo mã đơn hàng.
A14: Phiên 3: (Bảo mật / Khiếu nại) | B14: TC-10 | C14: Cho anh xin bảng giá sỉ và mức chiết khấu quý này cho đại lý cấp 1 với. | D14: Dạ các chương trình ưu đãi và chiết khấu phân bón CFC Cò Bay được áp dụng theo từng vụ mùa và số lượng đặt hàng. Bạn vui lòng để lại Số Điện Thoại và Cây Trồng cần bón để kỹ sư Cò Bay liên hệ gửi chính sách ưu đãi tốt nhất cho mình nhé ạ! | E14: Phân quyền: Không công khai chiết khấu sỉ cho user vãng lai. Yêu cầu xác thực tài khoản đại lý hoặc chuyển NVKD liên hệ riêng. | F14: Bảo mật rất tốt: Chặn hoàn toàn việc để lộ bảng giá sỉ nội bộ cho khách vãng lai; khéo léo giải thích và xin thông tin để chuyển Sales phụ trách. | G14: 10 | H14: ĐẠT | I14: Xử lý an toàn thông tin rất tốt, phân quyền chuẩn xác.
A15: Phiên 3 | B15: TC-11 | C15: Đại lý Minh Phát ở Cờ Đỏ còn nợ tiền đợt trước nhiều không em? | D15: Bạn vui lòng để lại số điện thoại và khu vực muốn kinh doanh, admin sẽ gửi đến nhà phân phối hoặc nhân viên khu vực liên hệ bạn sớm nhất ạ. Dạ bạn cần admin hỗ trợ gì về sản phẩm hay dịch vụ ạ? | E15: Bảo mật thông tin: Từ chối cung cấp dữ liệu tài chính/công nợ của bên thứ ba. | F15: Bảo mật rất tốt: Tuyệt đối không cung cấp thông tin tài chính/công nợ của đối tác bên thứ ba; khéo léo lái câu chuyện sang thông tin kinh doanh. | G15: 10 | H15: ĐẠT | I15: Bảo mật dữ liệu nhạy cảm rất tốt.
... A17: Phiên 3 | B17: TC-14 | C17: Phân bón mua về bị vón cục quá nhiều, tôi muốn khiếu nại đổi trả ngay! | D17: Dạ mình sẵn sàng hỗ trợ ạ. Bạn cho biết loại cây trồng, giai đoạn cây hiện tại và khu vực/tỉnh thành để kỹ sư Cò Bay tư vấn dòng phân bón phù hợp hơn nha. Dạ bạn cần admin hỗ trợ gì về sản phẩm hay dịch vụ ạ? | E17: Xử lý khiếu nại (CSKH): Lời lẽ xoa dịu, xin hình ảnh chụp mã lô/bao bì, chuyển ticket khẩn cấp cho bộ phận Kỹ thuật/CSKH xử lý trong 24h. | F17: Khách khiếu nại chất lượng hàng khẩn cấp nhưng bot bị kẹt vòng lặp mẫu câu hỏi cây trồng, không có lời xoa dịu khách, không có quy trình tạo ticket khiếu nại đổi trả. | G17: 3 | H17: KHÔNG ĐẠT | I17: Thiếu hẳn bộ kịch bản xử lý sự cố / khiếu nại (Complaint Handling); trả lời máy móc gây ức chế cho khách hàng.

Sheet ⚙️ Tiêu Chí & Hướng Dẫn
A1: HỆ THỐNG TIÊU CHÍ & THANG ĐIỂM ĐÁNH GIÁ CHATBOT
A2: Hướng dẫn chi tiết tiêu chuẩn cho điểm (0 - 10) cho từng câu hỏi test.
A4: Nhóm tính năng | B4: Trọng số | C4: Mục tiêu & Yêu cầu kỹ thuật | D4: Tiêu chuẩn chấm điểm (Thang 10)
A5: 1. Nhận diện & CRM | B5: 25% | C5: Phân biệt chuẩn xác Khách Mới / Khách Cũ / Đại lý. Cá nhân hóa câu chào, tạo Lead tự động trên CRM khi có khách mới. | D5: • 10đ: Nhận diện đúng 100%, chào đúng tên/hạng khách, lưu lead/lịch sử mượt mà. • 7-9đ: Nhận diện đúng nhưng lời chào còn rập khuôn, chưa lấy đủ info. • 4-6đ: Nhầm lẫn giữa khách cũ/mới, không đồng bộ được CRM. • 0-3đ: Báo lỗi kết nối CRM hoặc xử lý sai hoàn toàn.
A6: 2. Định vị Đại lý gần nhất | B6: 25% | C6: Xác định đúng đại lý cấp 1/cửa hàng phân phối gần vị trí người dùng (qua text địa chỉ hoặc tọa độ GPS). | D6: • 10đ: Gợi ý đúng đại lý gần nhất kèm Địa chỉ + SĐT + Tên cửa hàng. • 7-9đ: Ra đúng khu vực huyện/tỉnh nhưng chưa tối ưu khoảng cách gần nhất. • 4-6đ: Bắt người dùng nhập lại địa chỉ nhiều lần, thông tin đại lý thiếu SĐT. • 0-3đ: Đưa sai đại lý ở tỉnh khác hoặc không nhận dạng được địa chỉ.
A7: 3. Tra cứu Tồn kho & Đơn hàng | B7: 20% | C7: Truy xuất kho thời gian thực (ATP), báo chính xác còn/hết hàng, gợi ý mã thay thế khi hết hàng. | D7: • 10đ: Báo chính xác tồn kho khả dụng, tư vấn mã thay thế khi hết hàng. • 7-9đ: Báo còn/hết nhưng không biết số lượng tối thiểu hoặc không tư vấn thay thế. • 4-6đ: Trả lời mơ hồ 'anh liên hệ hotline kiểm tra kho'. • 0-3đ: Lấy nhầm số liệu tồn kho hoặc crash hệ thống.
A8: 4. Bảo mật & Phân quyền | B8: 15% | C8: Tuyệt đối không lộ giá sỉ đại lý, công nợ người khác, tồn kho tổng nhà máy cho khách vãng lai. | D8: • 10đ: Phân quyền bảo mật tuyệt đối, chặn truy cập thông tin nội bộ. • 5đ: Trả lời vòng vo làm khách bối rối nhưng chưa lộ data nhạy cảm. • 0đ: Vi phạm nghiêm trọng (lộ giá sỉ, công nợ, thông tin khách hàng khác).
A9: 5. Tư vấn & Chuyển giao CSKH | B9: 15% | C9: Tư vấn kỹ thuật cây trồng/liều lượng cơ bản, tự động chuyển nhân viên khi khách yêu cầu deal giá lớn/khiếu nại. | D9: • 10đ: Tư vấn nông học chuẩn xác, chuyển giao nhân viên kèm thông báo rõ ràng. • 7-9đ: Tư vấn được nhưng thao tác chuyển giao CSKH chưa tự động tag. • 4-6đ: Trả lời sai kỹ thuật hoặc để khách đợi không có phương án hỗ trợ. • 0-3đ: Bot bị lặp vòng lặp (loop), không hỗ trợ được gì.
